{"cameraMode":{"drawMode":0,"name":"Shaded","section":"Shading Mode"},"sceneLighting":true,"audioPlay":false,"sceneViewState":{"m_AlwaysRefresh":false,"showFog":true,"showSkybox":false,"showFlares":true,"showImageEffects":true,"showParticleSystems":true,"showVisualEffectGraphs":true,"m_FxEnabled":true},"in2DMode":false,"pivot":{"x":24.256010055541993,"y":37.027706146240237,"z":-28.348894119262697},"rotation":{"x":-0.40968525409698489,"y":0.3425239622592926,"z":-0.16940873861312867,"w":-0.8283337950706482},"size":3.2255518436431886,"orthographic":false}